Test Number,Test Start Time,Test Duration,Number of Vehicles,Horizontal Collision Distance,Vertical Collision Distance,Drone1,Drone2,Collision Time
1,21-Oct-2024 21:28:51,120.000000,3,5.000000,1.000000,2,3,61.000000
1,21-Oct-2024 21:28:51,120.000000,3,5.000000,1.000000,2,3,62.000000
1,21-Oct-2024 21:28:51,120.000000,3,5.000000,1.000000,2,3,63.000000
1,21-Oct-2024 21:28:51,120.000000,3,5.000000,1.000000,2,3,64.000000
1,21-Oct-2024 21:28:51,120.000000,3,5.000000,1.000000,2,3,65.000000
1,21-Oct-2024 21:28:51,120.000000,3,5.000000,1.000000,2,3,66.000000
